rep,method,Source,p_real,text
5,baseline,Reuters,0.9978897,ট্রাম্প-বাইডেন দ্বৈরথে মেনথল সিগারেট কেন এত গুরুত্বপূর্ণ যুক্তরাষ্ট্রে আগামী নভেম্বরে অনুষ্ঠিত হতে যাচ্ছে প্রেসিডেন্ট নির্বাচন। সবকিছু ঠিক থাকলে এতে মুখোমুখি হবেন বর্তমান প্রেসিডেন্ট জো বাইডেন ও সাবেক
5,source_balanced,Reuters,0.99944323,ট্রাম্প-বাইডেন দ্বৈরথে মেনথল সিগারেট কেন এত গুরুত্বপূর্ণ যুক্তরাষ্ট্রে আগামী নভেম্বরে অনুষ্ঠিত হতে যাচ্ছে প্রেসিডেন্ট নির্বাচন। সবকিছু ঠিক থাকলে এতে মুখোমুখি হবেন বর্তমান প্রেসিডেন্ট জো বাইডেন ও সাবেক
7,baseline,Reuters,0.9841107,ট্রাম্প-বাইডেন দ্বৈরথে মেনথল সিগারেট কেন এত গুরুত্বপূর্ণ যুক্তরাষ্ট্রে আগামী নভেম্বরে অনুষ্ঠিত হতে যাচ্ছে প্রেসিডেন্ট নির্বাচন। সবকিছু ঠিক থাকলে এতে মুখোমুখি হবেন বর্তমান প্রেসিডেন্ট জো বাইডেন ও সাবেক
7,source_balanced,Reuters,0.9995409,ট্রাম্প-বাইডেন দ্বৈরথে মেনথল সিগারেট কেন এত গুরুত্বপূর্ণ যুক্তরাষ্ট্রে আগামী নভেম্বরে অনুষ্ঠিত হতে যাচ্ছে প্রেসিডেন্ট নির্বাচন। সবকিছু ঠিক থাকলে এতে মুখোমুখি হবেন বর্তমান প্রেসিডেন্ট জো বাইডেন ও সাবেক
8,baseline,Reuters,0.99659985,ট্রাম্প-বাইডেন দ্বৈরথে মেনথল সিগারেট কেন এত গুরুত্বপূর্ণ যুক্তরাষ্ট্রে আগামী নভেম্বরে অনুষ্ঠিত হতে যাচ্ছে প্রেসিডেন্ট নির্বাচন। সবকিছু ঠিক থাকলে এতে মুখোমুখি হবেন বর্তমান প্রেসিডেন্ট জো বাইডেন ও সাবেক
8,source_balanced,Reuters,0.99964225,ট্রাম্প-বাইডেন দ্বৈরথে মেনথল সিগারেট কেন এত গুরুত্বপূর্ণ যুক্তরাষ্ট্রে আগামী নভেম্বরে অনুষ্ঠিত হতে যাচ্ছে প্রেসিডেন্ট নির্বাচন। সবকিছু ঠিক থাকলে এতে মুখোমুখি হবেন বর্তমান প্রেসিডেন্ট জো বাইডেন ও সাবেক
4,baseline,bangla.aajtak,0.76660186,"ভারতের বিরুদ্ধে ভাই-ভাই পাকিস্তান-বাংলাদেশ, ইউনূস থাকতেই গোপন চুক্তির ফন্দি ইসলামাবাদের দক্ষিণ এশিয়ার ভূ-রাজনীতিতে নতুন ঘূর্ণাবর্ত? পাকিস্তান ও বাংলাদেশের মধ্যে প্রস্তাবিত এক গোপন প্রতিরক্ষা চুক্তিকে "
6,baseline,bangla.aajtak,0.93206686,"ভারতের বিরুদ্ধে ভাই-ভাই পাকিস্তান-বাংলাদেশ, ইউনূস থাকতেই গোপন চুক্তির ফন্দি ইসলামাবাদের দক্ষিণ এশিয়ার ভূ-রাজনীতিতে নতুন ঘূর্ণাবর্ত? পাকিস্তান ও বাংলাদেশের মধ্যে প্রস্তাবিত এক গোপন প্রতিরক্ষা চুক্তিকে "
6,source_balanced,bangla.aajtak,0.99589086,"ভারতের বিরুদ্ধে ভাই-ভাই পাকিস্তান-বাংলাদেশ, ইউনূস থাকতেই গোপন চুক্তির ফন্দি ইসলামাবাদের দক্ষিণ এশিয়ার ভূ-রাজনীতিতে নতুন ঘূর্ণাবর্ত? পাকিস্তান ও বাংলাদেশের মধ্যে প্রস্তাবিত এক গোপন প্রতিরক্ষা চুক্তিকে "
7,baseline,bangla.aajtak,0.74909896,"ভারতের বিরুদ্ধে ভাই-ভাই পাকিস্তান-বাংলাদেশ, ইউনূস থাকতেই গোপন চুক্তির ফন্দি ইসলামাবাদের দক্ষিণ এশিয়ার ভূ-রাজনীতিতে নতুন ঘূর্ণাবর্ত? পাকিস্তান ও বাংলাদেশের মধ্যে প্রস্তাবিত এক গোপন প্রতিরক্ষা চুক্তিকে "
7,source_balanced,bangla.aajtak,0.9953909,"ভারতের বিরুদ্ধে ভাই-ভাই পাকিস্তান-বাংলাদেশ, ইউনূস থাকতেই গোপন চুক্তির ফন্দি ইসলামাবাদের দক্ষিণ এশিয়ার ভূ-রাজনীতিতে নতুন ঘূর্ণাবর্ত? পাকিস্তান ও বাংলাদেশের মধ্যে প্রস্তাবিত এক গোপন প্রতিরক্ষা চুক্তিকে "
9,source_balanced,bangla.aajtak,0.586709,"ভারতের বিরুদ্ধে ভাই-ভাই পাকিস্তান-বাংলাদেশ, ইউনূস থাকতেই গোপন চুক্তির ফন্দি ইসলামাবাদের দক্ষিণ এশিয়ার ভূ-রাজনীতিতে নতুন ঘূর্ণাবর্ত? পাকিস্তান ও বাংলাদেশের মধ্যে প্রস্তাবিত এক গোপন প্রতিরক্ষা চুক্তিকে "
5,baseline,boombd.com,0.50740635,"সলমনকে ‘সন্ত্রাসবাদী’ তকমা পাকিস্তানের! বালোচিস্তানকে ভিন্ন দেশ হিসেবে উল্লেখ করেছিলেন সলমন খান। ইচ্ছাকৃত ভুল, না কি অজান্তেই এমন বলেছিলেন, তা নিয়ে প্রশ্ন ওঠে। তবে সেই বেফাঁস মন্তব্যের জন্য এ বার পাকি"
6,baseline,boombd.com,0.67307013,"সলমনকে ‘সন্ত্রাসবাদী’ তকমা পাকিস্তানের! বালোচিস্তানকে ভিন্ন দেশ হিসেবে উল্লেখ করেছিলেন সলমন খান। ইচ্ছাকৃত ভুল, না কি অজান্তেই এমন বলেছিলেন, তা নিয়ে প্রশ্ন ওঠে। তবে সেই বেফাঁস মন্তব্যের জন্য এ বার পাকি"
6,source_balanced,boombd.com,0.993236,"সলমনকে ‘সন্ত্রাসবাদী’ তকমা পাকিস্তানের! বালোচিস্তানকে ভিন্ন দেশ হিসেবে উল্লেখ করেছিলেন সলমন খান। ইচ্ছাকৃত ভুল, না কি অজান্তেই এমন বলেছিলেন, তা নিয়ে প্রশ্ন ওঠে। তবে সেই বেফাঁস মন্তব্যের জন্য এ বার পাকি"
7,source_balanced,boombd.com,0.5132244,"সলমনকে ‘সন্ত্রাসবাদী’ তকমা পাকিস্তানের! বালোচিস্তানকে ভিন্ন দেশ হিসেবে উল্লেখ করেছিলেন সলমন খান। ইচ্ছাকৃত ভুল, না কি অজান্তেই এমন বলেছিলেন, তা নিয়ে প্রশ্ন ওঠে। তবে সেই বেফাঁস মন্তব্যের জন্য এ বার পাকি"
4,baseline,jachai.org,0.7427824,"পুলিশ কর্মকর্তার বাড়ি থেকে পুঁতে রাখা ১০ তরুণীর লাশ উদ্ধার দেশটির অ্যাটর্নি জেনারেলের দপ্তর জানায়, ৫১ বছর বয়সি হুগো ওসোরিও চাভেজ ওসোরিও নামে ওই পুলিশ কর্মকর্তার বিরুদ্ধে ধর্ষণ ও ১৩টি খুনের মামলার তদ"
4,baseline,jachai.org,0.95513666,"শেখ হাসিনা সরকারের সাফল্য বর্তমান সরকার ২০১৯ সালে গঠিত হলেও এসব বার্তায় ২০০৬ সাল, অর্থাৎ ১৭ বছরের পূর্বের উপাত্তের সাথে তুলনা করা হয়েছে। ২০০৬ সালে বাংলাদেশের অপর সংখ্যাগরিষ্ঠ দল বিএনপি দায়িত্ব ছাড়"
4,baseline,jachai.org,0.97136384,বিসিবি না চাইলেও ‘বিদায়’ জানিয়ে দিয়েছে বাংলাদেশের ক্রিকেট টিমের সাকিব আল হাসান বাংলাদেশ ক্রিকেটের পঞ্চপাণ্ডবের মধ্যে মাঠের বাইরে আছেন মাশরাফি বিন মর্তুজা। ইনজুরির কারণে নিয়মিত মাঠে দেখা যাচ্ছে না তামি
4,source_balanced,jachai.org,0.57063746,"পুলিশ কর্মকর্তার বাড়ি থেকে পুঁতে রাখা ১০ তরুণীর লাশ উদ্ধার দেশটির অ্যাটর্নি জেনারেলের দপ্তর জানায়, ৫১ বছর বয়সি হুগো ওসোরিও চাভেজ ওসোরিও নামে ওই পুলিশ কর্মকর্তার বিরুদ্ধে ধর্ষণ ও ১৩টি খুনের মামলার তদ"
4,source_balanced,jachai.org,0.9411947,বিসিবি না চাইলেও ‘বিদায়’ জানিয়ে দিয়েছে বাংলাদেশের ক্রিকেট টিমের সাকিব আল হাসান বাংলাদেশ ক্রিকেটের পঞ্চপাণ্ডবের মধ্যে মাঠের বাইরে আছেন মাশরাফি বিন মর্তুজা। ইনজুরির কারণে নিয়মিত মাঠে দেখা যাচ্ছে না তামি
8,baseline,jachai.org,0.6345081,"পুলিশ কর্মকর্তার বাড়ি থেকে পুঁতে রাখা ১০ তরুণীর লাশ উদ্ধার দেশটির অ্যাটর্নি জেনারেলের দপ্তর জানায়, ৫১ বছর বয়সি হুগো ওসোরিও চাভেজ ওসোরিও নামে ওই পুলিশ কর্মকর্তার বিরুদ্ধে ধর্ষণ ও ১৩টি খুনের মামলার তদ"
8,baseline,jachai.org,0.9276638,"শেখ হাসিনা সরকারের সাফল্য বর্তমান সরকার ২০১৯ সালে গঠিত হলেও এসব বার্তায় ২০০৬ সাল, অর্থাৎ ১৭ বছরের পূর্বের উপাত্তের সাথে তুলনা করা হয়েছে। ২০০৬ সালে বাংলাদেশের অপর সংখ্যাগরিষ্ঠ দল বিএনপি দায়িত্ব ছাড়"
8,baseline,jachai.org,0.99455076,বিসিবি না চাইলেও ‘বিদায়’ জানিয়ে দিয়েছে বাংলাদেশের ক্রিকেট টিমের সাকিব আল হাসান বাংলাদেশ ক্রিকেটের পঞ্চপাণ্ডবের মধ্যে মাঠের বাইরে আছেন মাশরাফি বিন মর্তুজা। ইনজুরির কারণে নিয়মিত মাঠে দেখা যাচ্ছে না তামি
8,source_balanced,jachai.org,0.79411495,"পুলিশ কর্মকর্তার বাড়ি থেকে পুঁতে রাখা ১০ তরুণীর লাশ উদ্ধার দেশটির অ্যাটর্নি জেনারেলের দপ্তর জানায়, ৫১ বছর বয়সি হুগো ওসোরিও চাভেজ ওসোরিও নামে ওই পুলিশ কর্মকর্তার বিরুদ্ধে ধর্ষণ ও ১৩টি খুনের মামলার তদ"
8,source_balanced,jachai.org,0.99478734,বিসিবি না চাইলেও ‘বিদায়’ জানিয়ে দিয়েছে বাংলাদেশের ক্রিকেট টিমের সাকিব আল হাসান বাংলাদেশ ক্রিকেটের পঞ্চপাণ্ডবের মধ্যে মাঠের বাইরে আছেন মাশরাফি বিন মর্তুজা। ইনজুরির কারণে নিয়মিত মাঠে দেখা যাচ্ছে না তামি
9,baseline,jachai.org,0.64182854,"পুলিশ কর্মকর্তার বাড়ি থেকে পুঁতে রাখা ১০ তরুণীর লাশ উদ্ধার দেশটির অ্যাটর্নি জেনারেলের দপ্তর জানায়, ৫১ বছর বয়সি হুগো ওসোরিও চাভেজ ওসোরিও নামে ওই পুলিশ কর্মকর্তার বিরুদ্ধে ধর্ষণ ও ১৩টি খুনের মামলার তদ"
9,baseline,jachai.org,0.99419516,বিসিবি না চাইলেও ‘বিদায়’ জানিয়ে দিয়েছে বাংলাদেশের ক্রিকেট টিমের সাকিব আল হাসান বাংলাদেশ ক্রিকেটের পঞ্চপাণ্ডবের মধ্যে মাঠের বাইরে আছেন মাশরাফি বিন মর্তুজা। ইনজুরির কারণে নিয়মিত মাঠে দেখা যাচ্ছে না তামি
9,source_balanced,jachai.org,0.7526159,"শেখ হাসিনা সরকারের সাফল্য বর্তমান সরকার ২০১৯ সালে গঠিত হলেও এসব বার্তায় ২০০৬ সাল, অর্থাৎ ১৭ বছরের পূর্বের উপাত্তের সাথে তুলনা করা হয়েছে। ২০০৬ সালে বাংলাদেশের অপর সংখ্যাগরিষ্ঠ দল বিএনপি দায়িত্ব ছাড়"
9,source_balanced,jachai.org,0.9459626,বিসিবি না চাইলেও ‘বিদায়’ জানিয়ে দিয়েছে বাংলাদেশের ক্রিকেট টিমের সাকিব আল হাসান বাংলাদেশ ক্রিকেটের পঞ্চপাণ্ডবের মধ্যে মাঠের বাইরে আছেন মাশরাফি বিন মর্তুজা। ইনজুরির কারণে নিয়মিত মাঠে দেখা যাচ্ছে না তামি
