corpus,seed,bacc,f1,auc
c2020,0,0.993573264781491,0.9966799986477441,0.9917003380856505
c2020,1,0.9961439588688946,0.9980130033710392,0.9948842163479756
c2020,2,0.9897172236503856,0.9946678510337348,0.9862912502105752
c2020,3,0.9948586118251928,0.9973473393531533,0.9939490332261947
c2020,4,0.993573264781491,0.9966799986477441,0.9931640338742539
c2025,0,0.9941275167785235,0.9941370203184023,0.9973303068393526
c2025,1,0.9865771812080537,0.9865966188455579,0.9926586945298647
c2025,2,0.9924496644295302,0.9924616717467021,0.9967901955062737
c2025,3,0.9907718120805369,0.9907861774421997,0.994363201723867
c2025,4,0.9916107382550335,0.9916239445749258,0.9930009988552445
