corpus,held_out_domain,n_test,fake_frac,bacc,f1,auc
c2020,kalerkantho.com,4430,1.0,0.987,0.502,0.993
c2020,jagonews24.com,4423,1.0,0.995,0.52,1.0
c2020,banglanews24.com,4037,0.999,0.499,0.499,0.988
c2020,banglatribune.com,3692,1.0,0.998,0.549,1.0
c2020,jugantor.com,2835,0.999,0.739,0.51,0.983
c2020,dhakatimes24.com,2654,1.0,0.498,0.499,0.996
c2020,ittefaq.com.bd,2585,0.999,0.748,0.57,0.974
c2020,bangla.bdnews24.com,2364,1.0,0.498,0.499,0.411
c2020,dailynayadiganta.com,2355,1.0,0.491,0.495,0.055
c2020,bd24live.com,2336,1.0,0.996,0.541,1.0
c2020,dailyjanakantha.com,1511,0.999,0.995,0.553,1.0
c2020,bd-pratidin.com,1421,0.998,0.823,0.553,0.966
c2020,channelionline.com,1401,0.999,0.992,0.538,1.0
c2025,Prothomalo,599,0.98,0.659,0.653,0.761
c2025,Samakal News,363,0.997,0.488,0.493,0.185
c2025,Ittefaq,322,0.991,0.478,0.486,0.714
c2025,News 24,181,0.983,0.48,0.486,0.543
c2025,Bangladesh Pratidin,156,0.994,0.981,0.615,0.961
c2025,Jamuna TV,136,0.978,0.962,0.668,0.952
c2025,Independent news,88,0.966,0.655,0.655,0.733
