corpus,split,seed,n_test,bacc,f1,auc
c2020,random_split,0,14947,0.9493312981563684,0.9029218783662194,0.9930675313107997
c2020,domain_heldout,0,15518,0.7675162748746434,0.8117292590529973,0.9691882515926099
c2020,random_split,1,14947,0.9293298395814844,0.8823986119778906,0.9875800406211339
c2020,domain_heldout,1,20827,0.803582271898194,0.8118410428969867,0.970374392486913
c2020,random_split,2,14947,0.9380379377799501,0.9004417209723263,0.9887255339955664
c2020,domain_heldout,2,13463,0.9425343639271714,0.8726356691101989,0.989767618100589
c2020,random_split,3,14947,0.9484924410151256,0.908597693129145,0.9913195370278483
c2020,domain_heldout,3,15647,0.960797142520748,0.7280952592423824,0.9867350095970342
c2020,random_split,4,14947,0.9484924410151256,0.908597693129145,0.993321987292387
c2020,domain_heldout,4,15133,0.8172334933632879,0.7394941216975115,0.9817120715563935
c2025,random_split,0,1194,0.9597736302215438,0.9597877123507966,0.9915910978429217
c2025,domain_heldout,0,699,0.5893719806763285,0.5351474738034042,0.6876006441223833
c2025,random_split,1,1194,0.951373145383942,0.9513745337707276,0.9906062714641646
c2025,domain_heldout,1,1210,0.6602941176470588,0.6027251087581056,0.7688655462184875
c2025,random_split,2,1194,0.9597736302215438,0.9597877123507966,0.9903846153846154
c2025,domain_heldout,2,822,0.836897458369851,0.6001667708984781,0.844697633654689
c2025,random_split,3,1194,0.9539039527732263,0.9539161452087037,0.99137505330969
c2025,domain_heldout,3,929,0.6442066753533127,0.61334628190899,0.7501252881627745
c2025,random_split,4,1194,0.9539123700927028,0.9539246812018733,0.9893184215842517
c2025,domain_heldout,4,713,0.7014835164835165,0.5824304538799414,0.8152747252747252
